frame,time_s,front,toe_heel_contact
3,0.3252992630004883,right,Toe
77,4.848313331604004,left,Toe
137,9.080135107040403,right,Flat
149,9.82542324066162,right,Toe
209,13.583858728408812,left,Toe
269,17.1700496673584,right,Toe
333,21.213281869888306,left,Flat
396,25.36972594261169,right,Flat
460,29.536388874053955,left,Flat
526,33.709110260009766,right,Toe
591,38.01088309288025,left,Flat
