frame,time_s,front,class,separation,toe_heel_contact,toe_x,toe_y,heel_x,heel_y
38,,left,Toe,0.1511725261807442,Toe,0.2287749797105789,0.8632951378822327,0.1938386410474777,0.8088893294334412
47,,right,Toe,0.12476298213005069,Toe,0.3596143126487732,0.8709642887115479,0.3203861713409424,0.8079066872596741
56,,left,Toe,0.1703300178050995,Toe,0.5583757162094116,0.873000979423523,0.5042756795883179,0.8220730423927307
64,,right,Toe,0.16149848699569702,Toe,0.7474714517593384,0.882459819316864,0.6826587915420532,0.8308591246604919
72,,left,Toe,0.15428614616394043,Toe,0.938109576702118,0.8598546385765076,0.8652945756912231,0.817328155040741
85,,right,Toe,0.010184168815612793,Toe,1.1065008640289309,0.8877038359642029,1.0934441089630127,0.8550800085067749
